model,depth,width,n_seeds,bp_mean,bp_std,dfa_mean,dfa_std
10x800,10,800,10,2.159000000000002,0.13916017948951886,2.2870000000000013,0.14095310488874477
